Aggr_Experiment,Aggr_Stage,Aggr_Genotype,Aggr_Replicate,Aggr_Litter,Reference,MQ.Exp,Fractions,Isobaric.label,Isobaric.label.details,Aggr_Isobaric.set,Sample.name,Use,Ratio.name
full_KO,P0,WT,1,1,TRUE,TMT1,1;2;3;4;5;6;7;8;9,0,126,1,NA,TRUE,NA
full_KO,P0,WT,2,2,TRUE,TMT1,1;2;3;4;5;6;7;8;9,1,127N,1,NA,TRUE,NA
full_KO,P0,WT,3,2,TRUE,TMT1,1;2;3;4;5;6;7;8;9,2,127C,1,NA,TRUE,NA
full_KO,P0,Mut,1,1,FALSE,TMT1,1;2;3;4;5;6;7;8;9,3,128N,1,NA,TRUE,NA
full_KO,P0,Mut,2,1,FALSE,TMT1,1;2;3;4;5;6;7;8;9,4,128C,1,NA,TRUE,NA
full_KO,P0,Mut,3,2,FALSE,TMT1,1;2;3;4;5;6;7;8;9,5,129N,1,NA,TRUE,NA
full_KO,P0,Mut,4,2,FALSE,TMT1,1;2;3;4;5;6;7;8;9,6,129C,1,NA,TRUE,NA
full_KO,P0,Mut,5,2,FALSE,TMT1,1;2;3;4;5;6;7;8;9,7,130N,1,NA,TRUE,NA
full_KO,P0,Mixed,Mixed,Mixed,FALSE,TMT1,1;2;3;4;5;6;7;8;9,9,131,1,NA,TRUE,NA
Mosaic,P0,WT,4,3,TRUE,TMT2,1;2;3;4;5;6;7;8;9,0,126,2,NA,TRUE,NA
Mosaic,P0,WT,5,3,TRUE,TMT2,1;2;3;4;5;6;7;8;9,1,127N,2,NA,TRUE,NA
Mosaic,P0,WT,6,4,TRUE,TMT2,1;2;3;4;5;6;7;8;9,2,127C,2,NA,TRUE,NA
Mosaic,P0,Mut,1,3,FALSE,TMT2,1;2;3;4;5;6;7;8;9,3,128N,2,NA,TRUE,NA
Mosaic,P0,Mut,2,3,FALSE,TMT2,1;2;3;4;5;6;7;8;9,4,128C,2,NA,TRUE,NA
Mosaic,P0,Mut,3,3,FALSE,TMT2,1;2;3;4;5;6;7;8;9,5,129N,2,NA,TRUE,NA
Mosaic,P0,Mut,4,4,FALSE,TMT2,1;2;3;4;5;6;7;8;9,6,129C,2,NA,TRUE,NA
Mosaic,P0,Mut,5,4,FALSE,TMT2,1;2;3;4;5;6;7;8;9,7,130N,2,NA,TRUE,NA
Mosaic,P0,Mixed,Mixed,Mixed,FALSE,TMT2,1;2;3;4;5;6;7;8;9,9,131,2,NA,TRUE,NA
